{"cameraMode":{"drawMode":0,"name":"Shaded","section":"Shading Mode"},"sceneLighting":false,"audioPlay":false,"sceneViewState":{"showFog":true,"showMaterialUpdate":true,"showSkybox":false,"showFlares":true,"showImageEffects":true,"showParticleSystems":true},"in2DMode":false,"pivot":{"x":-0.0003699064254760742,"y":0.006807718425989151,"z":-0.0008719265460968018},"rotation":{"x":0.6688790321350098,"y":0.015606916509568692,"z":-0.014048567041754723,"w":0.7430750131607056},"size":0.18553189933300019,"orthographic":false}