{"cameraMode":{"drawMode":0,"name":"Shaded","section":"Shading Mode"},"sceneLighting":false,"audioPlay":false,"sceneViewState":{"showFog":true,"showMaterialUpdate":true,"showSkybox":false,"showFlares":true,"showImageEffects":true,"showParticleSystems":true},"in2DMode":false,"pivot":{"x":0.0014999955892562867,"y":0.004999999888241291,"z":0.0004999600350856781},"rotation":{"x":-0.3875361680984497,"y":-0.6113198399543762,"z":0.4672008752822876,"w":-0.5080134272575378},"size":0.20351716876029969,"orthographic":false}