{"cameraMode":{"drawMode":0,"name":"Shaded","section":"Shading Mode"},"sceneLighting":false,"audioPlay":false,"sceneViewState":{"showFog":true,"showMaterialUpdate":true,"showSkybox":true,"showFlares":true,"showImageEffects":true,"showParticleSystems":true},"in2DMode":false,"pivot":{"x":-19.802690505981447,"y":1.3626521825790406,"z":10.469230651855469},"rotation":{"x":-0.23594547808170319,"y":0.2944610118865967,"z":-0.07517645508050919,"w":-0.9231875538825989},"size":4.183676242828369,"orthographic":false}