{"cameraMode":{"drawMode":0,"name":"Shaded","section":"Shading Mode"},"sceneLighting":false,"audioPlay":false,"sceneViewState":{"showFog":true,"showMaterialUpdate":false,"showSkybox":true,"showFlares":true,"showImageEffects":true,"showParticleSystems":true},"in2DMode":false,"pivot":{"x":-7.180791854858398,"y":-2.603364944458008,"z":12.509305953979493},"rotation":{"x":0.0405111201107502,"y":-0.661097526550293,"z":0.03433564305305481,"w":0.749057948589325},"size":22.067689895629884,"orthographic":false}