{"cameraMode":{"drawMode":0,"name":"Shaded","section":"Shading Mode"},"sceneLighting":false,"audioPlay":false,"sceneViewState":{"showFog":true,"showMaterialUpdate":false,"showSkybox":false,"showFlares":true,"showImageEffects":true,"showParticleSystems":true},"in2DMode":false,"pivot":{"x":58.26599884033203,"y":0.8092623949050903,"z":28.70142364501953},"rotation":{"x":0.2896616458892822,"y":0.40094637870788576,"z":-0.13716334104537965,"w":0.8587444424629211},"size":0.07213344424962998,"orthographic":false}