{"cameraMode":{"drawMode":0,"name":"Shaded","section":"Shading Mode"},"sceneLighting":false,"audioPlay":false,"sceneViewState":{"showFog":true,"showMaterialUpdate":false,"showSkybox":true,"showFlares":true,"showImageEffects":true,"showParticleSystems":true},"in2DMode":false,"pivot":{"x":-5.27696418762207,"y":-21.214956283569337,"z":46.74153137207031},"rotation":{"x":0.17316287755966187,"y":-0.496360719203949,"z":0.09955569356679917,"w":0.845321774482727},"size":39.75216293334961,"orthographic":false}