{"cameraMode":{"drawMode":0,"name":"Shaded","section":"Shading Mode"},"sceneLighting":false,"audioPlay":false,"sceneViewState":{"showFog":true,"showMaterialUpdate":false,"showSkybox":true,"showFlares":true,"showImageEffects":true,"showParticleSystems":true},"in2DMode":false,"pivot":{"x":39.437896728515628,"y":3.8280222415924074,"z":16.037260055541993},"rotation":{"x":0.178204745054245,"y":-0.024536175653338434,"z":0.003363384399563074,"w":0.9842230081558228},"size":6.4834065437316898,"orthographic":false}