{"cameraMode":{"drawMode":0,"name":"Shaded","section":"Shading Mode"},"sceneLighting":false,"audioPlay":false,"sceneViewState":{"showFog":true,"showMaterialUpdate":false,"showSkybox":false,"showFlares":true,"showImageEffects":true,"showParticleSystems":true},"in2DMode":false,"pivot":{"x":55.11392593383789,"y":2.0622053146362306,"z":5.09494686126709},"rotation":{"x":-0.03744802251458168,"y":0.9627237915992737,"z":-0.1682031750679016,"w":-0.2109740972518921},"size":0.18968121707439423,"orthographic":false}