{"cameraMode":{"drawMode":0,"name":"Shaded","section":"Shading Mode"},"sceneLighting":false,"audioPlay":false,"sceneViewState":{"showFog":true,"showMaterialUpdate":false,"showSkybox":true,"showFlares":true,"showImageEffects":true,"showParticleSystems":true},"in2DMode":false,"pivot":{"x":-16.245317459106447,"y":-0.038046836853027347,"z":21.45464515686035},"rotation":{"x":-0.22491233050823213,"y":0.09716528654098511,"z":-0.022524451836943628,"w":-0.9692942500114441},"size":16.1280517578125,"orthographic":false}