{"cameraMode":{"drawMode":0,"name":"Shaded","section":"Shading Mode"},"sceneLighting":false,"audioPlay":false,"sceneViewState":{"showFog":true,"showMaterialUpdate":false,"showSkybox":false,"showFlares":true,"showImageEffects":true,"showParticleSystems":true},"in2DMode":false,"pivot":{"x":0.030422169715166093,"y":-0.026310786604881288,"z":-0.036780551075935367},"rotation":{"x":0.08781842142343521,"y":0.8954878449440002,"z":-0.38581353425979617,"w":0.20382536947727204},"size":0.2442360520362854,"orthographic":false}