{"cameraMode":{"drawMode":0,"name":"Shaded","section":"Shading Mode"},"sceneLighting":false,"audioPlay":false,"sceneViewState":{"showFog":true,"showMaterialUpdate":true,"showSkybox":false,"showFlares":true,"showImageEffects":true,"showParticleSystems":true},"in2DMode":false,"pivot":{"x":-0.007593989372253418,"y":1.3887171745300294,"z":9.322999954223633},"rotation":{"x":-0.3875361680984497,"y":-0.6113198399543762,"z":0.4672008752822876,"w":-0.5080134272575378},"size":1.7542095184326172,"orthographic":false}