{"cameraMode":{"drawMode":0,"name":"Shaded","section":"Shading Mode"},"sceneLighting":false,"audioPlay":false,"sceneViewState":{"showFog":true,"showMaterialUpdate":true,"showSkybox":false,"showFlares":true,"showImageEffects":true,"showParticleSystems":true},"in2DMode":false,"pivot":{"x":-0.9991366863250732,"y":7.8915324211120609,"z":17.185977935791017},"rotation":{"x":-0.2159198373556137,"y":-0.0398678258061409,"z":-0.009025895036756993,"w":0.975659191608429},"size":6.58352518081665,"orthographic":false}