{"cameraMode":{"drawMode":0,"name":"Shaded","section":"Shading Mode"},"sceneLighting":false,"audioPlay":false,"sceneViewState":{"showFog":true,"showMaterialUpdate":true,"showSkybox":false,"showFlares":true,"showImageEffects":true,"showParticleSystems":true},"in2DMode":false,"pivot":{"x":-30.270000457763673,"y":0.9079999923706055,"z":42.314998626708987},"rotation":{"x":-0.26164481043815615,"y":-0.5919597148895264,"z":0.21165989339351655,"w":-0.7325002551078796},"size":0.18708157539367677,"orthographic":false}