{"cameraMode":{"drawMode":0,"name":"Shaded","section":"Shading Mode"},"sceneLighting":false,"audioPlay":false,"sceneViewState":{"showFog":true,"showMaterialUpdate":false,"showSkybox":true,"showFlares":true,"showImageEffects":true,"showParticleSystems":true},"in2DMode":false,"pivot":{"x":19.949928283691408,"y":-35.09968185424805,"z":93.57230377197266},"rotation":{"x":0.1769794225692749,"y":-0.1756485104560852,"z":0.031227556988596917,"w":0.9684683680534363},"size":56.268123626708987,"orthographic":false}