{"cameraMode":{"drawMode":0,"name":"Shaded","section":"Shading Mode"},"sceneLighting":false,"audioPlay":false,"sceneViewState":{"showFog":true,"showMaterialUpdate":false,"showSkybox":true,"showFlares":true,"showImageEffects":true,"showParticleSystems":true},"in2DMode":false,"pivot":{"x":18.008338928222658,"y":-50.529170989990237,"z":59.979496002197269},"rotation":{"x":0.36852237582206728,"y":-0.2594051957130432,"z":0.10690650343894959,"w":0.8868695497512817},"size":51.104469299316409,"orthographic":false}