{"cameraMode":{"drawMode":0,"name":"Shaded","section":"Shading Mode"},"sceneLighting":false,"audioPlay":false,"sceneViewState":{"showFog":true,"showMaterialUpdate":false,"showSkybox":false,"showFlares":true,"showImageEffects":true,"showParticleSystems":true},"in2DMode":false,"pivot":{"x":0.1983378678560257,"y":-0.6722793579101563,"z":0.15163010358810426},"rotation":{"x":-0.1340283751487732,"y":-0.8066975474357605,"z":0.19987741112709046,"w":-0.540046751499176},"size":1.0553934574127198,"orthographic":false}