{"cameraMode":{"drawMode":0,"name":"Shaded","section":"Shading Mode"},"sceneLighting":false,"audioPlay":false,"sceneViewState":{"showFog":true,"showMaterialUpdate":false,"showSkybox":false,"showFlares":true,"showImageEffects":true,"showParticleSystems":true},"in2DMode":false,"pivot":{"x":-0.030829429626464845,"y":-0.1545918732881546,"z":-0.19083452224731446},"rotation":{"x":-0.13200120627880097,"y":-0.795409083366394,"z":0.1874559372663498,"w":-0.5611692667007446},"size":0.3557639718055725,"orthographic":false}