{"cameraMode":{"drawMode":0,"name":"Shaded","section":"Shading Mode"},"sceneLighting":true,"audioPlay":false,"sceneViewState":{"showFog":true,"showMaterialUpdate":false,"showSkybox":false,"showFlares":true,"showImageEffects":true,"showParticleSystems":true},"in2DMode":false,"pivot":{"x":0.2919686436653137,"y":-0.2241169512271881,"z":-0.009808790870010853},"rotation":{"x":0.1958070695400238,"y":0.7294730544090271,"z":-0.2336292862892151,"w":0.6131873726844788},"size":0.29507941007614138,"orthographic":false}