{"cameraMode":{"drawMode":0,"name":"Shaded","section":"Shading Mode"},"sceneLighting":true,"audioPlay":false,"sceneViewState":{"showFog":true,"showMaterialUpdate":false,"showSkybox":false,"showFlares":true,"showImageEffects":true,"showParticleSystems":true},"in2DMode":false,"pivot":{"x":-0.2951846122741699,"y":1.9896290302276612,"z":-0.3754997253417969},"rotation":{"x":-0.03150870278477669,"y":0.00012906774645671248,"z":0.0007826004875823855,"w":-0.9998375773429871},"size":0.6239312887191773,"orthographic":false}