{"cameraMode":{"drawMode":0,"name":"Shaded","section":"Shading Mode"},"sceneLighting":false,"audioPlay":false,"sceneViewState":{"showFog":true,"showMaterialUpdate":false,"showSkybox":false,"showFlares":true,"showImageEffects":true,"showParticleSystems":true},"in2DMode":false,"pivot":{"x":0.27680253982543948,"y":1.4298845529556275,"z":-0.6389100551605225},"rotation":{"x":0.00016217349912039936,"y":0.6403496861457825,"z":0.00019320657884236425,"w":0.7682084441184998},"size":0.5928055047988892,"orthographic":false}