{"cameraMode":{"drawMode":0,"name":"Shaded","section":"Shading Mode"},"sceneLighting":false,"audioPlay":false,"sceneViewState":{"showFog":true,"showMaterialUpdate":false,"showSkybox":false,"showFlares":true,"showImageEffects":true,"showParticleSystems":true},"in2DMode":false,"pivot":{"x":57.22556686401367,"y":0.6412534117698669,"z":0.36390653252601626},"rotation":{"x":0.35440486669540408,"y":0.6210834980010986,"z":-0.37353935837745669,"w":0.5917403101921082},"size":0.26220494508743288,"orthographic":false}