{"cameraMode":{"drawMode":0,"name":"Shaded","section":"Shading Mode"},"sceneLighting":false,"audioPlay":false,"sceneViewState":{"showFog":true,"showMaterialUpdate":false,"showSkybox":false,"showFlares":true,"showImageEffects":true,"showParticleSystems":true},"in2DMode":false,"pivot":{"x":-12.569740295410157,"y":0.7512201070785523,"z":6.299220561981201},"rotation":{"x":0.46953463554382326,"y":-0.14832811057567597,"z":0.08034637570381165,"w":0.8666675090789795},"size":1.3911336660385132,"orthographic":false}