{"cameraMode":{"drawMode":0,"name":"Shaded","section":"Shading Mode"},"sceneLighting":true,"audioPlay":false,"sceneViewState":{"showFog":true,"showMaterialUpdate":false,"showSkybox":false,"showFlares":true,"showImageEffects":true,"showParticleSystems":true},"in2DMode":false,"pivot":{"x":-0.38999998569488528,"y":2.7230000495910646,"z":6.146999835968018},"rotation":{"x":0.3582931458950043,"y":-0.6200087070465088,"z":0.3780485987663269,"w":0.5869022011756897},"size":0.3570393919944763,"orthographic":false}