{"cameraMode":{"drawMode":0,"name":"Shaded","section":"Shading Mode"},"sceneLighting":false,"audioPlay":false,"sceneViewState":{"showFog":true,"showMaterialUpdate":false,"showSkybox":false,"showFlares":true,"showImageEffects":true,"showParticleSystems":true},"in2DMode":false,"pivot":{"x":-29.28400421142578,"y":1.823999047279358,"z":30.1332950592041},"rotation":{"x":0.08281406760215759,"y":0.6938872933387756,"z":-0.08319724351167679,"w":0.7110739946365356},"size":0.33240705728530886,"orthographic":false}