{"cameraMode":{"drawMode":0,"name":"Shaded","section":"Shading Mode"},"sceneLighting":false,"audioPlay":false,"sceneViewState":{"showFog":true,"showMaterialUpdate":false,"showSkybox":true,"showFlares":true,"showImageEffects":true,"showParticleSystems":true},"in2DMode":false,"pivot":{"x":16.66197967529297,"y":-70.9512939453125,"z":30.743194580078126},"rotation":{"x":0.46087855100631716,"y":-0.3443020284175873,"z":0.1989733874797821,"w":0.7940558195114136},"size":60.861759185791019,"orthographic":false}